tier,m,k,n_ambiguous_excluded,representation,ARI,ARI_p,ARI_null_mean,ARI_null_p95,NMI,NMI_p,NMI_null_mean,NMI_null_p95,NN_acc,NN_chance,NN_p
scop_easy,1586,4,4,PC-NCSF,0.003038832877133938,0.0024987506246876563,6.801315983722775e-06,0.0012449612668991518,0.008921107365632074,0.0009995002498750624,0.0024497000796701906,0.004581762327039368,0.3360655737704918,0.24952721168266495,0.0004997501249375312
scop_easy,1586,4,4,KDE x0.5 (sensitivity),0.12646793492953262,0.0004997501249375312,6.896585154471107e-06,0.001684578281454442,0.15849509132901587,0.0004997501249375312,0.002081861078797405,0.0038934181221936485,0.7162673392181589,0.24952721168266495,0.0004997501249375312
scop_easy,1586,4,4,KDE x1 (primary),0.003485857316203728,0.0009995002498750624,-1.986530733308911e-06,0.0012088770299110475,0.008301355586112322,0.0004997501249375312,0.0022663780202910573,0.004194456020571416,0.7068095838587641,0.24952721168266495,0.0004997501249375312
scop_easy,1586,4,4,KDE x2 (sensitivity),0.003568476064918464,0.0029985007496251873,8.859164147666193e-06,0.0012512547860430493,0.009141950996332417,0.0009995002498750624,0.0023227649430372687,0.0043592251542901965,0.7080706179066835,0.24952721168266495,0.0004997501249375312
scop_moderate,1594,4,0,PC-NCSF,0.05932363157392635,0.0004997501249375312,2.110092137774481e-05,0.0011897848911859544,0.12436087815077934,0.0004997501249375312,0.0024760973723800977,0.0046740421639552,0.5075282308657465,0.2495327345719707,0.0004997501249375312
scop_moderate,1594,4,0,KDE x0.5 (sensitivity),0.3166849091879651,0.0004997501249375312,2.097258627345614e-06,0.0015374800879200958,0.39012243583497924,0.0004997501249375312,0.0021326426712445913,0.004057949132093549,0.9523212045169385,0.2495327345719707,0.0004997501249375312
scop_moderate,1594,4,0,KDE x1 (primary),0.3185385585883749,0.0004997501249375312,-3.670029886626416e-05,0.0014743272890523939,0.3953221826982146,0.0004997501249375312,0.002086495179091491,0.003913090935982086,0.9573400250941029,0.2495327345719707,0.0004997501249375312
scop_moderate,1594,4,0,KDE x2 (sensitivity),0.2621393279641593,0.0004997501249375312,3.115032782374557e-05,0.0015218798275342907,0.34364107343732575,0.0004997501249375312,0.0021803481340196065,0.004065977974223418,0.9542032622333751,0.2495327345719707,0.0004997501249375312
scop_hard,371,4,0,PC-NCSF,0.07634986228474311,0.0004997501249375312,-0.00010024497172375091,0.0066467836231030196,0.09654944203728723,0.0004997501249375312,0.0102835173330417,0.019271625846732712,0.5175202156334232,0.25044073723319005,0.0004997501249375312
scop_hard,371,4,0,KDE x0.5 (sensitivity),0.0832295519326426,0.0004997501249375312,-5.812607722546583e-05,0.007294168146700486,0.1493927117598808,0.0004997501249375312,0.00933466964599666,0.017572210118391583,0.889487870619946,0.25044073723319005,0.0004997501249375312
scop_hard,371,4,0,KDE x1 (primary),0.07710824909049921,0.0004997501249375312,0.00010537694745881494,0.007254224931700584,0.1450106636263941,0.0004997501249375312,0.009516217335488561,0.017668995040853782,0.8787061994609164,0.25044073723319005,0.0004997501249375312
scop_hard,371,4,0,KDE x2 (sensitivity),0.07895964349616337,0.0004997501249375312,5.365995727953252e-05,0.007619961147407835,0.147661760315521,0.0004997501249375312,0.009513606238014033,0.01792525579179051,0.8544474393530997,0.25044073723319005,0.0004997501249375312
scop_challenging,193,4,1,PC-NCSF,0.10319305244300585,0.0004997501249375312,0.0002441469339710719,0.03866848177515923,0.13736491169904494,0.0004997501249375312,0.025722712090073544,0.044118333971524745,0.5854922279792746,0.3494710708117444,0.0004997501249375312
scop_challenging,193,4,1,KDE x0.5 (sensitivity),0.09735103538453058,0.0004997501249375312,0.00023384867829067776,0.039743331559146486,0.14463556118036613,0.0004997501249375312,0.025356939154254292,0.0436399581466212,0.9326424870466321,0.3494710708117444,0.0004997501249375312
scop_challenging,193,4,1,KDE x1 (primary),0.09807010388231349,0.0004997501249375312,-0.00025866577267288904,0.0402471504453602,0.15291967146103044,0.0004997501249375312,0.026189982162068026,0.045953330710533494,0.927461139896373,0.3494710708117444,0.0004997501249375312
scop_challenging,193,4,1,KDE x2 (sensitivity),0.09693502019171323,0.0014992503748125937,0.0006832490903316322,0.041188984354186824,0.13455593014091105,0.0004997501249375312,0.025879203793441184,0.04399351140638192,0.9378238341968912,0.3494710708117444,0.0004997501249375312
