tier,category,n_proteins,valid_pairs_median,residues_median
easy,a,396,144.0,248.5
easy,b,398,194.5,251.0
easy,c,399,279.0,415.0
easy,d,397,158.0,194.0
easy,ETA2_LOGPAIRS,1590,,0.12530291630893672
moderate,a.1,400,147.0,284.0
moderate,b.47,399,224.0,237.0
moderate,c.1,396,323.5,492.5
moderate,d.2,399,158.0,159.0
moderate,ETA2_LOGPAIRS,1594,,0.6739232115682604
hard,c.1.10,100,319.0,629.0
hard,c.1.15,77,391.0,783.0
hard,c.1.2,96,244.5,491.0
hard,c.1.8,98,326.0,347.5
hard,ETA2_LOGPAIRS,371,,0.17468222434306324
challenging,c.1.8.1,21,487.0,488.0
challenging,c.1.8.3,98,302.0,309.0
challenging,c.1.8.4,53,486.0,884.0
challenging,c.1.8.5,22,269.0,270.0
challenging,ETA2_LOGPAIRS,194,,0.8301788709569227
