tier,representation,m,k,ward_ARI,ward_NMI,knn1_acc,knn5_acc,majority,ari_null_mean,ari_p,knn5_null_mean,knn5_p,ari_strat_null_mean,ari_strat_p,knn5_strat_null_mean,knn5_strat_p
easy,PC-NCSF density,1586,4,0.0030795650405404146,0.008662637289959809,0.3354350567465322,0.3587641866330391,0.25031525851197983,1.7398672098930395e-08,0.005994005994005994,0.24928058007566203,0.000999000999000999,0.0005334787034760704,0.01998001998001998,0.2645479192938209,0.000999000999000999
easy,empirical histogram,1586,4,0.11697518670857467,0.14551605514268576,0.47730138713745274,0.4300126103404792,0.25031525851197983,1.8104565446710018e-05,0.000999000999000999,0.24936948297604034,0.000999000999000999,0.0011970360166057234,0.000999000999000999,0.25433669609079446,0.000999000999000999
easy,length only,1586,4,0.046693045140007695,0.06407879928973988,0.38398486759142497,0.4457755359394704,0.25031525851197983,1.0161728551435411e-05,0.000999000999000999,0.24924022698612863,0.000999000999000999,0.03673655318075703,0.000999000999000999,0.31340983606557377,0.000999000999000999
moderate,PC-NCSF density,1594,4,0.058960714315879625,0.12110095306350663,0.527603513174404,0.5633626097867002,0.25094102885821834,-1.170871347936346e-05,0.000999000999000999,0.2488870765370138,0.000999000999000999,0.008983214517226905,0.000999000999000999,0.37062484316185695,0.000999000999000999
moderate,empirical histogram,1594,4,0.3206435364697292,0.3911685700516837,0.767879548306148,0.7421580928481807,0.25094102885821834,3.3772852182221044e-05,0.000999000999000999,0.24875407779171893,0.000999000999000999,0.06137150683948083,0.000999000999000999,0.4253067754077791,0.000999000999000999
moderate,length only,1594,4,0.44798812696890256,0.5228913928232355,0.8688833124215809,0.8977415307402761,0.25094102885821834,1.2954805516985415e-05,0.000999000999000999,0.24890840652446675,0.000999000999000999,0.29491857879526867,0.000999000999000999,0.6091047678795483,0.000999000999000999
hard,PC-NCSF density,371,4,0.0760572045841174,0.09765927424089013,0.5067385444743935,0.5741239892183289,0.2695417789757412,-1.6825975595451611e-06,0.000999000999000999,0.25584636118598375,0.000999000999000999,0.01882636993370033,0.000999000999000999,0.33065229110512134,0.000999000999000999
hard,empirical histogram,371,4,0.0741898489447836,0.0910751322838791,0.7574123989218329,0.6711590296495957,0.2695417789757412,-0.00010501273108680437,0.000999000999000999,0.2551536388140162,0.000999000999000999,0.017498048660139317,0.000999000999000999,0.3596495956873315,0.000999000999000999
hard,length only,371,4,0.219816339564458,0.2758161454296318,0.7223719676549866,0.7115902964959568,0.2695417789757412,0.00017488811563519141,0.000999000999000999,0.2552911051212938,0.000999000999000999,0.15108060594653858,0.000999000999000999,0.4856873315363881,0.000999000999000999
challenging,PC-NCSF density,193,4,0.10399203859700294,0.14621075039721745,0.538860103626943,0.5647668393782384,0.5025906735751295,0.00029950936609385005,0.000999000999000999,0.4350362694300517,0.000999000999000999,0.07404078703815191,0.014985014985014986,0.5061968911917099,0.011988011988011988
challenging,empirical histogram,193,4,0.09807010388231349,0.1529196714610305,0.8341968911917098,0.7512953367875648,0.5025906735751295,0.0001740442224660309,0.000999000999000999,0.4367046632124352,0.000999000999000999,0.07275136832539894,0.03196803196803197,0.5799326424870468,0.000999000999000999
challenging,length only,193,4,0.561527423536424,0.7215249044134091,0.9585492227979274,0.9481865284974094,0.5025906735751295,0.0008463821065531741,0.000999000999000999,0.4373316062176165,0.000999000999000999,0.38244562785694164,0.000999000999000999,0.7397823834196892,0.000999000999000999
