variant,ARI,NMI
joint/Hellinger | ward,0.0033,0.0096
joint/Hellinger | average,-0.0002,0.007
joint/Hellinger | complete,0.0028,0.0075
joint/Hellinger | k=2,0.0042,0.0052
joint/Hellinger | k=3,0.0036,0.0072
joint/Hellinger | k=4,0.0033,0.0096
joint/Hellinger | k=5,0.0039,0.0114
joint/Hellinger | k=6,0.0037,0.0123
joint/Hellinger | k=7,0.0037,0.0135
joint/Hellinger | k=8,0.0041,0.0161
joint/Hellinger | k=9,0.0043,0.0168
joint/Hellinger | k=10,0.0087,0.0209
joint/Hellinger | spectral,0.003,0.0092
joint/JS | ward,0.0029,0.0089
joint/JS | average,0.0029,0.0084
joint/JS | complete,0.0001,0.0035
joint/JS | k=2,0.0035,0.0045
joint/JS | k=3,0.0029,0.0059
joint/JS | k=4,0.0029,0.0089
joint/JS | k=5,0.0034,0.0101
joint/JS | k=6,0.0032,0.0109
joint/JS | k=7,0.0031,0.0124
joint/JS | k=8,0.008,0.0196
joint/JS | k=9,0.008,0.02
joint/JS | k=10,0.008,0.0203
joint/symKL | ward,0.0027,0.0081
joint/symKL | average,0.0029,0.0083
joint/symKL | complete,0.0023,0.0072
joint/symKL | k=2,0.0035,0.0045
joint/symKL | k=3,0.0029,0.0059
joint/symKL | k=4,0.0027,0.0081
joint/symKL | k=5,0.0031,0.009
joint/symKL | k=6,0.0029,0.0099
joint/symKL | k=7,0.0029,0.0113
joint/symKL | k=8,0.0061,0.0173
joint/symKL | k=9,0.0061,0.0183
joint/symKL | k=10,0.0061,0.0188
marginal/W1-theta | ward,0.0038,0.0078
marginal/W1-theta | average,0.004,0.008
marginal/W1-theta | complete,0.0026,0.0063
marginal/W1-theta | k=2,0.0006,0.0021
marginal/W1-theta | k=3,0.004,0.0068
marginal/W1-theta | k=4,0.0038,0.0078
marginal/W1-theta | k=5,0.0034,0.0099
marginal/W1-theta | k=6,0.0036,0.0126
marginal/W1-theta | k=7,0.0036,0.015
marginal/W1-theta | k=8,0.005,0.0204
marginal/W1-theta | k=9,0.005,0.0216
marginal/W1-theta | k=10,0.005,0.0216
marginal/W1-theta | spectral,0.0035,0.0092
marginal/W1 | ward,0.0033,0.0068
marginal/W1 | average,0.0006,0.0065
marginal/W1 | complete,0.0006,0.0055
marginal/W1 | k=2,0.0005,0.0016
marginal/W1 | k=3,0.0029,0.0054
marginal/W1 | k=4,0.0033,0.0068
marginal/W1 | k=5,0.0033,0.0123
marginal/W1 | k=6,0.0109,0.0185
marginal/W1 | k=7,0.011,0.0195
marginal/W1 | k=8,0.0108,0.0199
marginal/W1 | k=9,0.0114,0.0204
marginal/W1 | k=10,0.0116,0.021
marginal/W1 | spectral,0.0035,0.01
"features/(theta,tau)-marginals | kmeans",0.003,0.0102
"features/(theta,tau)-marginals | GMM(pca)",0.0064,0.0114
features/sqrt-joint | kmeans,0.003,0.0091
features/sqrt-joint | GMM(pca),0.0048,0.0106
empirical/Hellinger | ward,0.116,0.1437
empirical/Hellinger | average,0.0001,0.0078
empirical/Hellinger | complete,0.0256,0.0318
empirical/Hellinger | k=2,0.0002,0.0013
empirical/Hellinger | k=3,0.1049,0.1141
empirical/Hellinger | k=4,0.116,0.1437
empirical/Hellinger | k=5,0.1163,0.1434
empirical/Hellinger | k=6,0.1169,0.1407
empirical/Hellinger | k=7,0.1246,0.1411
empirical/Hellinger | k=8,0.1313,0.1637
empirical/Hellinger | k=9,0.1315,0.1642
empirical/Hellinger | k=10,0.1331,0.1603
empirical/Hellinger | spectral,0.1003,0.1096
features/cond-embeddings | kmeans,0.0006,0.0026
features/cond-embeddings | GMM(pca),0.002,0.0044
features/random (control) | kmeans,0.0009,0.003
features/random (control) | GMM(pca),-0.0002,0.0019
