tier,subset,representation,alpha,linkage,k,n_proteins,ARI,NMI_arithmetic,knn_k,knn_same_label_fraction,knn_perm_null_mean
easy,all,R0 density/Hellinger,,ward,4.0,1590,0.0033415115961776577,0.009629473140209541,,,
easy,all,R0 density/Hellinger,,average,4.0,1590,-0.00019284711460408241,0.006997685960184759,,,
easy,all,R0 density/Hellinger,,complete,4.0,1590,0.0028035974693403996,0.007527459841948767,,,
easy,all,R0 density/Hellinger,,,,1590,,,5.0,0.31974842767295597,0.2494251572327044
easy,all,R1 B1-circular,,ward,4.0,1590,0.11126317735341637,0.15614686065008826,,,
easy,all,R1 B1-circular,,average,4.0,1590,0.0003373836839845831,0.008749199692845735,,,
easy,all,R1 B1-circular,,complete,4.0,1590,0.024523124702116518,0.05130146034336433,,,
easy,all,R1 B1-circular,,,,1590,,,5.0,0.5890566037735849,0.2500283018867925
easy,all,R2 B2-normalized-sequential,,ward,4.0,1590,0.019345933979292594,0.021299522164135384,,,
easy,all,R2 B2-normalized-sequential,,average,4.0,1590,3.159783032028931e-05,0.006336317446312332,,,
easy,all,R2 B2-normalized-sequential,,complete,4.0,1590,4.452799490480204e-05,0.005739289777667112,,,
easy,all,R2 B2-normalized-sequential,,,,1590,,,5.0,0.5149685534591195,0.2493861635220126
easy,all,R4 empirical-histogram,,ward,4.0,1590,0.11596201352933724,0.1437329139441253,,,
easy,all,R4 empirical-histogram,,average,4.0,1590,9.00383700315309e-05,0.007772175883190123,,,
easy,all,R4 empirical-histogram,,complete,4.0,1590,0.025574378866109554,0.03177120950043122,,,
easy,all,R4 empirical-histogram,,,,1590,,,5.0,0.4125786163522013,0.24959685534591194
easy,all,DIAGNOSTIC log1p(valid_pair_count),,ward,4.0,1590,0.04661278259301202,0.06385043259582382,,,
easy,all,DIAGNOSTIC log1p(valid_pair_count),,average,4.0,1590,0.05390002338477223,0.07144752319457251,,,
easy,all,DIAGNOSTIC log1p(valid_pair_count),,complete,4.0,1590,0.048817685079274774,0.0671223728547464,,,
easy,all,R3 hybrid-Euclidean-concat,0.0,ward,4.0,1590,0.030794291423437387,0.049324112730748555,,,
easy,all,R3 hybrid-Euclidean-concat,0.0,average,4.0,1590,3.159783032028931e-05,0.006336317446312332,,,
easy,all,R3 hybrid-Euclidean-concat,0.0,complete,4.0,1590,7.173917414121376e-05,0.005212099362687059,,,
easy,all,R3 hybrid alpha=0.0,,,,1590,,,5.0,0.6171069182389936,0.24946352201257863
easy,all,R3 hybrid-Euclidean-concat,0.25,ward,4.0,1590,0.030969796903823517,0.05030041982371977,,,
easy,all,R3 hybrid-Euclidean-concat,0.25,average,4.0,1590,6.41642244134259e-05,0.007569996882095114,,,
easy,all,R3 hybrid-Euclidean-concat,0.25,complete,4.0,1590,7.417761042014435e-05,0.005635253253516347,,,
easy,all,R3 hybrid-Euclidean-concat,0.5,ward,4.0,1590,0.002879032461916832,0.006540838292583456,,,
easy,all,R3 hybrid-Euclidean-concat,0.5,average,4.0,1590,5.383975844255083e-05,0.007019423300109844,,,
easy,all,R3 hybrid-Euclidean-concat,0.5,complete,4.0,1590,0.0001027786584581726,0.005048931928272515,,,
easy,all,R3 hybrid alpha=0.5,,,,1590,,,5.0,0.5855345911949685,0.24955031446540882
easy,all,R3 hybrid-Euclidean-concat,0.75,ward,4.0,1590,0.002878717653374037,0.007780113522238683,,,
easy,all,R3 hybrid-Euclidean-concat,0.75,average,4.0,1590,6.046031178407099e-05,0.005555387189940804,,,
easy,all,R3 hybrid-Euclidean-concat,0.75,complete,4.0,1590,0.0001343569231490089,0.005605919962002714,,,
easy,all,R3 hybrid-Euclidean-concat,1.0,ward,4.0,1590,0.0033415115961776577,0.009629473140209541,,,
easy,all,R3 hybrid-Euclidean-concat,1.0,average,4.0,1590,-0.00019284711460408241,0.006997685960184759,,,
easy,all,R3 hybrid-Euclidean-concat,1.0,complete,4.0,1590,0.0028035974693403996,0.007527459841948767,,,
easy,all,R3 hybrid alpha=1.0,,,,1590,,,5.0,0.31974842767295597,0.2494251572327044
easy,B2-eligible-nvalid>=5,R0 density/Hellinger,,ward,4.0,1590,0.0033415115961776577,0.009629473140209541,,,
easy,B2-eligible-nvalid>=5,R0 density/Hellinger,,average,4.0,1590,-0.00019284711460408241,0.006997685960184759,,,
easy,B2-eligible-nvalid>=5,R0 density/Hellinger,,complete,4.0,1590,0.0028035974693403996,0.007527459841948767,,,
easy,B2-eligible-nvalid>=5,R1 B1-circular,,ward,4.0,1590,0.11126317735341637,0.15614686065008826,,,
easy,B2-eligible-nvalid>=5,R1 B1-circular,,average,4.0,1590,0.0003373836839845831,0.008749199692845735,,,
easy,B2-eligible-nvalid>=5,R1 B1-circular,,complete,4.0,1590,0.024523124702116518,0.05130146034336433,,,
easy,B2-eligible-nvalid>=5,R2 B2-normalized-sequential,,ward,4.0,1590,0.019345933979292594,0.021299522164135384,,,
easy,B2-eligible-nvalid>=5,R2 B2-normalized-sequential,,average,4.0,1590,3.159783032028931e-05,0.006336317446312332,,,
easy,B2-eligible-nvalid>=5,R2 B2-normalized-sequential,,complete,4.0,1590,4.452799490480204e-05,0.005739289777667112,,,
easy,B2-eligible-nvalid>=5,R4 empirical-histogram,,ward,4.0,1590,0.11596201352933724,0.1437329139441253,,,
easy,B2-eligible-nvalid>=5,R4 empirical-histogram,,average,4.0,1590,9.00383700315309e-05,0.007772175883190123,,,
easy,B2-eligible-nvalid>=5,R4 empirical-histogram,,complete,4.0,1590,0.025574378866109554,0.03177120950043122,,,
easy,B2-eligible-nvalid>=5,DIAGNOSTIC log1p(valid_pair_count),,ward,4.0,1590,0.04661278259301202,0.06385043259582382,,,
easy,B2-eligible-nvalid>=5,DIAGNOSTIC log1p(valid_pair_count),,average,4.0,1590,0.05390002338477223,0.07144752319457251,,,
easy,B2-eligible-nvalid>=5,DIAGNOSTIC log1p(valid_pair_count),,complete,4.0,1590,0.048817685079274774,0.0671223728547464,,,
easy,B2-eligible-nvalid>=5,R3 hybrid-Euclidean-concat,0.0,ward,4.0,1590,0.030794291423437387,0.049324112730748555,,,
easy,B2-eligible-nvalid>=5,R3 hybrid-Euclidean-concat,0.0,average,4.0,1590,3.159783032028931e-05,0.006336317446312332,,,
easy,B2-eligible-nvalid>=5,R3 hybrid-Euclidean-concat,0.0,complete,4.0,1590,7.173917414121376e-05,0.005212099362687059,,,
easy,B2-eligible-nvalid>=5,R3 hybrid-Euclidean-concat,0.25,ward,4.0,1590,0.030969796903823517,0.05030041982371977,,,
easy,B2-eligible-nvalid>=5,R3 hybrid-Euclidean-concat,0.25,average,4.0,1590,6.41642244134259e-05,0.007569996882095114,,,
easy,B2-eligible-nvalid>=5,R3 hybrid-Euclidean-concat,0.25,complete,4.0,1590,7.417761042014435e-05,0.005635253253516347,,,
easy,B2-eligible-nvalid>=5,R3 hybrid-Euclidean-concat,0.5,ward,4.0,1590,0.002879032461916832,0.006540838292583456,,,
easy,B2-eligible-nvalid>=5,R3 hybrid-Euclidean-concat,0.5,average,4.0,1590,5.383975844255083e-05,0.007019423300109844,,,
easy,B2-eligible-nvalid>=5,R3 hybrid-Euclidean-concat,0.5,complete,4.0,1590,0.0001027786584581726,0.005048931928272515,,,
easy,B2-eligible-nvalid>=5,R3 hybrid-Euclidean-concat,0.75,ward,4.0,1590,0.002878717653374037,0.007780113522238683,,,
easy,B2-eligible-nvalid>=5,R3 hybrid-Euclidean-concat,0.75,average,4.0,1590,6.046031178407099e-05,0.005555387189940804,,,
easy,B2-eligible-nvalid>=5,R3 hybrid-Euclidean-concat,0.75,complete,4.0,1590,0.0001343569231490089,0.005605919962002714,,,
easy,B2-eligible-nvalid>=5,R3 hybrid-Euclidean-concat,1.0,ward,4.0,1590,0.0033415115961776577,0.009629473140209541,,,
easy,B2-eligible-nvalid>=5,R3 hybrid-Euclidean-concat,1.0,average,4.0,1590,-0.00019284711460408241,0.006997685960184759,,,
easy,B2-eligible-nvalid>=5,R3 hybrid-Euclidean-concat,1.0,complete,4.0,1590,0.0028035974693403996,0.007527459841948767,,,
moderate,all,R0 density/Hellinger,,ward,4.0,1594,0.058960714315879625,0.12110095306350661,,,
moderate,all,R0 density/Hellinger,,average,4.0,1594,0.02133331881382569,0.04805970863768642,,,
moderate,all,R0 density/Hellinger,,complete,4.0,1594,0.05633377211669343,0.09470972564066345,,,
moderate,all,R0 density/Hellinger,,,,1594,,,5.0,0.5025094102885822,0.24981681304893352
moderate,all,R1 B1-circular,,ward,4.0,1594,0.3226848558496833,0.39156613442788846,,,
moderate,all,R1 B1-circular,,average,4.0,1594,0.2823326390178312,0.38253643652257635,,,
moderate,all,R1 B1-circular,,complete,4.0,1594,0.2231544469371507,0.25113030298867345,,,
moderate,all,R1 B1-circular,,,,1594,,,5.0,0.890966122961104,0.25027289836888333
moderate,all,R2 B2-normalized-sequential,,ward,4.0,1594,0.14628339877357183,0.2598898857311994,,,
moderate,all,R2 B2-normalized-sequential,,average,4.0,1594,0.000167286854097034,0.010920067679453013,,,
moderate,all,R2 B2-normalized-sequential,,complete,4.0,1594,0.000167286854097034,0.010920067679453013,,,
moderate,all,R2 B2-normalized-sequential,,,,1594,,,5.0,0.8902132998745295,0.2504065244667503
moderate,all,R4 empirical-histogram,,ward,4.0,1594,0.3206435364697292,0.39116857005168376,,,
moderate,all,R4 empirical-histogram,,average,4.0,1594,5.870539525098957e-05,0.006432871867252602,,,
moderate,all,R4 empirical-histogram,,complete,4.0,1594,5.144328068501458e-05,0.007147342998223448,,,
moderate,all,R4 empirical-histogram,,,,1594,,,5.0,0.7173149309912171,0.24989084065244668
moderate,all,DIAGNOSTIC log1p(valid_pair_count),,ward,4.0,1594,0.44798812696890256,0.5228913928232356,,,
moderate,all,DIAGNOSTIC log1p(valid_pair_count),,average,4.0,1594,0.40643331364804336,0.4912454495529149,,,
moderate,all,DIAGNOSTIC log1p(valid_pair_count),,complete,4.0,1594,0.41385220757378144,0.49539263935432204,,,
moderate,all,R3 hybrid-Euclidean-concat,0.0,ward,4.0,1594,0.24791403354390198,0.27118190964265926,,,
moderate,all,R3 hybrid-Euclidean-concat,0.0,average,4.0,1594,0.000167286854097034,0.010920067679453013,,,
moderate,all,R3 hybrid-Euclidean-concat,0.0,complete,4.0,1594,0.0001732655641240982,0.009696111958599358,,,
moderate,all,R3 hybrid alpha=0.0,,,,1594,,,5.0,0.9107904642409035,0.25017063989962357
moderate,all,R3 hybrid-Euclidean-concat,0.25,ward,4.0,1594,0.32244657697463575,0.3923335198372567,,,
moderate,all,R3 hybrid-Euclidean-concat,0.25,average,4.0,1594,0.000167286854097034,0.010920067679453013,,,
moderate,all,R3 hybrid-Euclidean-concat,0.25,complete,4.0,1594,0.000167286854097034,0.010920067679453013,,,
moderate,all,R3 hybrid-Euclidean-concat,0.5,ward,4.0,1594,0.3164470926216079,0.38795121517208186,,,
moderate,all,R3 hybrid-Euclidean-concat,0.5,average,4.0,1594,0.00019068656226407617,0.013184052863692222,,,
moderate,all,R3 hybrid-Euclidean-concat,0.5,complete,4.0,1594,0.000167286854097034,0.010920067679453013,,,
moderate,all,R3 hybrid alpha=0.5,,,,1594,,,5.0,0.9037641154328733,0.25008971141781683
moderate,all,R3 hybrid-Euclidean-concat,0.75,ward,4.0,1594,0.3167427802333339,0.3906184509426068,,,
moderate,all,R3 hybrid-Euclidean-concat,0.75,average,4.0,1594,0.0001780071562032867,0.013368079013823198,,,
moderate,all,R3 hybrid-Euclidean-concat,0.75,complete,4.0,1594,0.00019140469160273344,0.012739111743262161,,,
moderate,all,R3 hybrid-Euclidean-concat,1.0,ward,4.0,1594,0.058960714315879625,0.12110095306350661,,,
moderate,all,R3 hybrid-Euclidean-concat,1.0,average,4.0,1594,0.02133331881382569,0.04805970863768642,,,
moderate,all,R3 hybrid-Euclidean-concat,1.0,complete,4.0,1594,0.05633377211669343,0.09470972564066345,,,
moderate,all,R3 hybrid alpha=1.0,,,,1594,,,5.0,0.5025094102885822,0.24981681304893352
moderate,B2-eligible-nvalid>=5,R0 density/Hellinger,,ward,4.0,1594,0.058960714315879625,0.12110095306350661,,,
moderate,B2-eligible-nvalid>=5,R0 density/Hellinger,,average,4.0,1594,0.02133331881382569,0.04805970863768642,,,
moderate,B2-eligible-nvalid>=5,R0 density/Hellinger,,complete,4.0,1594,0.05633377211669343,0.09470972564066345,,,
moderate,B2-eligible-nvalid>=5,R1 B1-circular,,ward,4.0,1594,0.3226848558496833,0.39156613442788846,,,
moderate,B2-eligible-nvalid>=5,R1 B1-circular,,average,4.0,1594,0.2823326390178312,0.38253643652257635,,,
moderate,B2-eligible-nvalid>=5,R1 B1-circular,,complete,4.0,1594,0.2231544469371507,0.25113030298867345,,,
moderate,B2-eligible-nvalid>=5,R2 B2-normalized-sequential,,ward,4.0,1594,0.14628339877357183,0.2598898857311994,,,
moderate,B2-eligible-nvalid>=5,R2 B2-normalized-sequential,,average,4.0,1594,0.000167286854097034,0.010920067679453013,,,
moderate,B2-eligible-nvalid>=5,R2 B2-normalized-sequential,,complete,4.0,1594,0.000167286854097034,0.010920067679453013,,,
moderate,B2-eligible-nvalid>=5,R4 empirical-histogram,,ward,4.0,1594,0.3206435364697292,0.39116857005168376,,,
moderate,B2-eligible-nvalid>=5,R4 empirical-histogram,,average,4.0,1594,5.870539525098957e-05,0.006432871867252602,,,
moderate,B2-eligible-nvalid>=5,R4 empirical-histogram,,complete,4.0,1594,5.144328068501458e-05,0.007147342998223448,,,
moderate,B2-eligible-nvalid>=5,DIAGNOSTIC log1p(valid_pair_count),,ward,4.0,1594,0.44798812696890256,0.5228913928232356,,,
moderate,B2-eligible-nvalid>=5,DIAGNOSTIC log1p(valid_pair_count),,average,4.0,1594,0.40643331364804336,0.4912454495529149,,,
moderate,B2-eligible-nvalid>=5,DIAGNOSTIC log1p(valid_pair_count),,complete,4.0,1594,0.41385220757378144,0.49539263935432204,,,
moderate,B2-eligible-nvalid>=5,R3 hybrid-Euclidean-concat,0.0,ward,4.0,1594,0.24791403354390198,0.27118190964265926,,,
moderate,B2-eligible-nvalid>=5,R3 hybrid-Euclidean-concat,0.0,average,4.0,1594,0.000167286854097034,0.010920067679453013,,,
moderate,B2-eligible-nvalid>=5,R3 hybrid-Euclidean-concat,0.0,complete,4.0,1594,0.0001732655641240982,0.009696111958599358,,,
moderate,B2-eligible-nvalid>=5,R3 hybrid-Euclidean-concat,0.25,ward,4.0,1594,0.32244657697463575,0.3923335198372567,,,
moderate,B2-eligible-nvalid>=5,R3 hybrid-Euclidean-concat,0.25,average,4.0,1594,0.000167286854097034,0.010920067679453013,,,
moderate,B2-eligible-nvalid>=5,R3 hybrid-Euclidean-concat,0.25,complete,4.0,1594,0.000167286854097034,0.010920067679453013,,,
moderate,B2-eligible-nvalid>=5,R3 hybrid-Euclidean-concat,0.5,ward,4.0,1594,0.3164470926216079,0.38795121517208186,,,
moderate,B2-eligible-nvalid>=5,R3 hybrid-Euclidean-concat,0.5,average,4.0,1594,0.00019068656226407617,0.013184052863692222,,,
moderate,B2-eligible-nvalid>=5,R3 hybrid-Euclidean-concat,0.5,complete,4.0,1594,0.000167286854097034,0.010920067679453013,,,
moderate,B2-eligible-nvalid>=5,R3 hybrid-Euclidean-concat,0.75,ward,4.0,1594,0.3167427802333339,0.3906184509426068,,,
moderate,B2-eligible-nvalid>=5,R3 hybrid-Euclidean-concat,0.75,average,4.0,1594,0.0001780071562032867,0.013368079013823198,,,
moderate,B2-eligible-nvalid>=5,R3 hybrid-Euclidean-concat,0.75,complete,4.0,1594,0.00019140469160273344,0.012739111743262161,,,
moderate,B2-eligible-nvalid>=5,R3 hybrid-Euclidean-concat,1.0,ward,4.0,1594,0.058960714315879625,0.12110095306350661,,,
moderate,B2-eligible-nvalid>=5,R3 hybrid-Euclidean-concat,1.0,average,4.0,1594,0.02133331881382569,0.04805970863768642,,,
moderate,B2-eligible-nvalid>=5,R3 hybrid-Euclidean-concat,1.0,complete,4.0,1594,0.05633377211669343,0.09470972564066345,,,
hard,all,R0 density/Hellinger,,ward,4.0,371,0.0760572045841174,0.09765927424089015,,,
hard,all,R0 density/Hellinger,,average,4.0,371,0.04055410005841995,0.06236007866130945,,,
hard,all,R0 density/Hellinger,,complete,4.0,371,0.07930156386823928,0.1002331188346515,,,
hard,all,R0 density/Hellinger,,,,371,,,5.0,0.4738544474393531,0.2496010781671159
hard,all,R1 B1-circular,,ward,4.0,371,0.08079321073645629,0.09553519322184163,,,
hard,all,R1 B1-circular,,average,4.0,371,0.004391945202794193,0.06023910452093829,,,
hard,all,R1 B1-circular,,complete,4.0,371,0.02196190289783896,0.07607721618328497,,,
hard,all,R1 B1-circular,,,,371,,,5.0,0.7283018867924528,0.25032614555256066
hard,all,R2 B2-normalized-sequential,,ward,4.0,371,0.07545036289511296,0.0895949987384554,,,
hard,all,R2 B2-normalized-sequential,,average,4.0,371,-0.0013372651346729258,0.029130046694011726,,,
hard,all,R2 B2-normalized-sequential,,complete,4.0,371,-0.0013372651346729258,0.029130046694011726,,,
hard,all,R2 B2-normalized-sequential,,,,371,,,5.0,0.7622641509433963,0.2518975741239892
hard,all,R4 empirical-histogram,,ward,4.0,371,0.0741898489447836,0.09107513228387912,,,
hard,all,R4 empirical-histogram,,average,4.0,371,-0.001315589340773195,0.0382937901189341,,,
hard,all,R4 empirical-histogram,,complete,4.0,371,0.03915333151213419,0.05786135318681655,,,
hard,all,R4 empirical-histogram,,,,371,,,5.0,0.6442048517520217,0.25126415094339627
hard,all,DIAGNOSTIC log1p(valid_pair_count),,ward,4.0,371,0.219816339564458,0.2758161454296318,,,
hard,all,DIAGNOSTIC log1p(valid_pair_count),,average,4.0,371,0.07876571007189101,0.13727835823445889,,,
hard,all,DIAGNOSTIC log1p(valid_pair_count),,complete,4.0,371,0.05089566742860048,0.0986411778406297,,,
hard,all,R3 hybrid-Euclidean-concat,0.0,ward,4.0,371,0.07545036289511296,0.08959499873845542,,,
hard,all,R3 hybrid-Euclidean-concat,0.0,average,4.0,371,-0.0013372651346729258,0.029130046694011726,,,
hard,all,R3 hybrid-Euclidean-concat,0.0,complete,4.0,371,0.019908290414117145,0.07005164025250839,,,
hard,all,R3 hybrid alpha=0.0,,,,371,,,5.0,0.7768194070080864,0.2501024258760108
hard,all,R3 hybrid-Euclidean-concat,0.25,ward,4.0,371,0.07437774109774435,0.09129337362112698,,,
hard,all,R3 hybrid-Euclidean-concat,0.25,average,4.0,371,-0.0013372651346729258,0.029130046694011726,,,
hard,all,R3 hybrid-Euclidean-concat,0.25,complete,4.0,371,0.026078661225513992,0.08208581617417973,,,
hard,all,R3 hybrid-Euclidean-concat,0.5,ward,4.0,371,0.07713396219238067,0.09348907411292535,,,
hard,all,R3 hybrid-Euclidean-concat,0.5,average,4.0,371,-0.0013372651346729258,0.029130046694011726,,,
hard,all,R3 hybrid-Euclidean-concat,0.5,complete,4.0,371,0.02454397464684239,0.07139230141540942,,,
hard,all,R3 hybrid alpha=0.5,,,,371,,,5.0,0.722911051212938,0.25182749326145554
hard,all,R3 hybrid-Euclidean-concat,0.75,ward,4.0,371,0.07713396219238067,0.09348907411292535,,,
hard,all,R3 hybrid-Euclidean-concat,0.75,average,4.0,371,0.02454397464684239,0.07139230141540942,,,
hard,all,R3 hybrid-Euclidean-concat,0.75,complete,4.0,371,0.02454397464684239,0.07139230141540942,,,
hard,all,R3 hybrid-Euclidean-concat,1.0,ward,4.0,371,0.0760572045841174,0.09765927424089015,,,
hard,all,R3 hybrid-Euclidean-concat,1.0,average,4.0,371,0.04055410005841995,0.06236007866130945,,,
hard,all,R3 hybrid-Euclidean-concat,1.0,complete,4.0,371,0.07930156386823928,0.1002331188346515,,,
hard,all,R3 hybrid alpha=1.0,,,,371,,,5.0,0.4738544474393531,0.2496010781671159
hard,B2-eligible-nvalid>=5,R0 density/Hellinger,,ward,4.0,371,0.0760572045841174,0.09765927424089015,,,
hard,B2-eligible-nvalid>=5,R0 density/Hellinger,,average,4.0,371,0.04055410005841995,0.06236007866130945,,,
hard,B2-eligible-nvalid>=5,R0 density/Hellinger,,complete,4.0,371,0.07930156386823928,0.1002331188346515,,,
hard,B2-eligible-nvalid>=5,R1 B1-circular,,ward,4.0,371,0.08079321073645629,0.09553519322184163,,,
hard,B2-eligible-nvalid>=5,R1 B1-circular,,average,4.0,371,0.004391945202794193,0.06023910452093829,,,
hard,B2-eligible-nvalid>=5,R1 B1-circular,,complete,4.0,371,0.02196190289783896,0.07607721618328497,,,
hard,B2-eligible-nvalid>=5,R2 B2-normalized-sequential,,ward,4.0,371,0.07545036289511296,0.0895949987384554,,,
hard,B2-eligible-nvalid>=5,R2 B2-normalized-sequential,,average,4.0,371,-0.0013372651346729258,0.029130046694011726,,,
hard,B2-eligible-nvalid>=5,R2 B2-normalized-sequential,,complete,4.0,371,-0.0013372651346729258,0.029130046694011726,,,
hard,B2-eligible-nvalid>=5,R4 empirical-histogram,,ward,4.0,371,0.0741898489447836,0.09107513228387912,,,
hard,B2-eligible-nvalid>=5,R4 empirical-histogram,,average,4.0,371,-0.001315589340773195,0.0382937901189341,,,
hard,B2-eligible-nvalid>=5,R4 empirical-histogram,,complete,4.0,371,0.03915333151213419,0.05786135318681655,,,
hard,B2-eligible-nvalid>=5,DIAGNOSTIC log1p(valid_pair_count),,ward,4.0,371,0.219816339564458,0.2758161454296318,,,
hard,B2-eligible-nvalid>=5,DIAGNOSTIC log1p(valid_pair_count),,average,4.0,371,0.07876571007189101,0.13727835823445889,,,
hard,B2-eligible-nvalid>=5,DIAGNOSTIC log1p(valid_pair_count),,complete,4.0,371,0.05089566742860048,0.0986411778406297,,,
hard,B2-eligible-nvalid>=5,R3 hybrid-Euclidean-concat,0.0,ward,4.0,371,0.07545036289511296,0.08959499873845542,,,
hard,B2-eligible-nvalid>=5,R3 hybrid-Euclidean-concat,0.0,average,4.0,371,-0.0013372651346729258,0.029130046694011726,,,
hard,B2-eligible-nvalid>=5,R3 hybrid-Euclidean-concat,0.0,complete,4.0,371,0.019908290414117145,0.07005164025250839,,,
hard,B2-eligible-nvalid>=5,R3 hybrid-Euclidean-concat,0.25,ward,4.0,371,0.07437774109774435,0.09129337362112698,,,
hard,B2-eligible-nvalid>=5,R3 hybrid-Euclidean-concat,0.25,average,4.0,371,-0.0013372651346729258,0.029130046694011726,,,
hard,B2-eligible-nvalid>=5,R3 hybrid-Euclidean-concat,0.25,complete,4.0,371,0.026078661225513992,0.08208581617417973,,,
hard,B2-eligible-nvalid>=5,R3 hybrid-Euclidean-concat,0.5,ward,4.0,371,0.07713396219238067,0.09348907411292535,,,
hard,B2-eligible-nvalid>=5,R3 hybrid-Euclidean-concat,0.5,average,4.0,371,-0.0013372651346729258,0.029130046694011726,,,
hard,B2-eligible-nvalid>=5,R3 hybrid-Euclidean-concat,0.5,complete,4.0,371,0.02454397464684239,0.07139230141540942,,,
hard,B2-eligible-nvalid>=5,R3 hybrid-Euclidean-concat,0.75,ward,4.0,371,0.07713396219238067,0.09348907411292535,,,
hard,B2-eligible-nvalid>=5,R3 hybrid-Euclidean-concat,0.75,average,4.0,371,0.02454397464684239,0.07139230141540942,,,
hard,B2-eligible-nvalid>=5,R3 hybrid-Euclidean-concat,0.75,complete,4.0,371,0.02454397464684239,0.07139230141540942,,,
hard,B2-eligible-nvalid>=5,R3 hybrid-Euclidean-concat,1.0,ward,4.0,371,0.0760572045841174,0.09765927424089015,,,
hard,B2-eligible-nvalid>=5,R3 hybrid-Euclidean-concat,1.0,average,4.0,371,0.04055410005841995,0.06236007866130945,,,
hard,B2-eligible-nvalid>=5,R3 hybrid-Euclidean-concat,1.0,complete,4.0,371,0.07930156386823928,0.1002331188346515,,,
challenging,all,R0 density/Hellinger,,ward,4.0,194,0.09948866133211119,0.14312462341479829,,,
challenging,all,R0 density/Hellinger,,average,4.0,194,0.09948866133211119,0.14312462341479829,,,
challenging,all,R0 density/Hellinger,,complete,4.0,194,0.09948866133211119,0.14312462341479829,,,
challenging,all,R0 density/Hellinger,,,,194,,,5.0,0.49587628865979383,0.35303608247422685
challenging,all,R1 B1-circular,,ward,4.0,194,0.08401921225431966,0.1366551316384214,,,
challenging,all,R1 B1-circular,,average,4.0,194,0.003299179667102068,0.03581673735460373,,,
challenging,all,R1 B1-circular,,complete,4.0,194,0.012497026572158959,0.07441400848285308,,,
challenging,all,R1 B1-circular,,,,194,,,5.0,0.8268041237113403,0.3509484536082475
challenging,all,R2 B2-normalized-sequential,,ward,4.0,194,0.11195269943875999,0.16480670123478602,,,
challenging,all,R2 B2-normalized-sequential,,average,4.0,194,-0.0007760775550069835,0.047094979781411354,,,
challenging,all,R2 B2-normalized-sequential,,complete,4.0,194,0.00979982409997691,0.050237038576527344,,,
challenging,all,R2 B2-normalized-sequential,,,,194,,,5.0,0.78659793814433,0.35201546391752586
challenging,all,R4 empirical-histogram,,ward,4.0,194,0.0935939460187102,0.14977215742603936,,,
challenging,all,R4 empirical-histogram,,average,4.0,194,0.0935939460187102,0.14977215742603936,,,
challenging,all,R4 empirical-histogram,,complete,4.0,194,0.09197916007651549,0.15436512005087935,,,
challenging,all,R4 empirical-histogram,,,,194,,,5.0,0.7319587628865979,0.35085051546391754
challenging,all,DIAGNOSTIC log1p(valid_pair_count),,ward,4.0,194,0.546465062690677,0.7056449486331812,,,
challenging,all,DIAGNOSTIC log1p(valid_pair_count),,average,4.0,194,0.41698104920595847,0.5866373150417965,,,
challenging,all,DIAGNOSTIC log1p(valid_pair_count),,complete,4.0,194,0.4405875617608562,0.5875863688127207,,,
challenging,all,R3 hybrid-Euclidean-concat,0.0,ward,4.0,194,0.11195269943875999,0.16480670123478602,,,
challenging,all,R3 hybrid-Euclidean-concat,0.0,average,4.0,194,-0.0007760775550069835,0.047094979781411354,,,
challenging,all,R3 hybrid-Euclidean-concat,0.0,complete,4.0,194,0.010349788756842341,0.06758183052129171,,,
challenging,all,R3 hybrid alpha=0.0,,,,194,,,5.0,0.8329896907216494,0.3523762886597938
challenging,all,R3 hybrid-Euclidean-concat,0.25,ward,4.0,194,0.09349903231180784,0.14738465540109402,,,
challenging,all,R3 hybrid-Euclidean-concat,0.25,average,4.0,194,-0.0007760775550069835,0.047094979781411354,,,
challenging,all,R3 hybrid-Euclidean-concat,0.25,complete,4.0,194,0.010349788756842341,0.06758183052129171,,,
challenging,all,R3 hybrid-Euclidean-concat,0.5,ward,4.0,194,0.09349903231180784,0.14738465540109402,,,
challenging,all,R3 hybrid-Euclidean-concat,0.5,average,4.0,194,-0.0007760775550069835,0.047094979781411354,,,
challenging,all,R3 hybrid-Euclidean-concat,0.5,complete,4.0,194,0.010349788756842341,0.06758183052129171,,,
challenging,all,R3 hybrid alpha=0.5,,,,194,,,5.0,0.7432989690721649,0.35210824742268043
challenging,all,R3 hybrid-Euclidean-concat,0.75,ward,4.0,194,0.09349903231180784,0.14738465540109402,,,
challenging,all,R3 hybrid-Euclidean-concat,0.75,average,4.0,194,0.010349788756842341,0.06758183052129171,,,
challenging,all,R3 hybrid-Euclidean-concat,0.75,complete,4.0,194,0.010349788756842341,0.06758183052129171,,,
challenging,all,R3 hybrid-Euclidean-concat,1.0,ward,4.0,194,0.09948866133211119,0.14312462341479829,,,
challenging,all,R3 hybrid-Euclidean-concat,1.0,average,4.0,194,0.09948866133211119,0.14312462341479829,,,
challenging,all,R3 hybrid-Euclidean-concat,1.0,complete,4.0,194,0.09948866133211119,0.14312462341479829,,,
challenging,all,R3 hybrid alpha=1.0,,,,194,,,5.0,0.49587628865979383,0.35303608247422685
challenging,B2-eligible-nvalid>=5,R0 density/Hellinger,,ward,4.0,194,0.09948866133211119,0.14312462341479829,,,
challenging,B2-eligible-nvalid>=5,R0 density/Hellinger,,average,4.0,194,0.09948866133211119,0.14312462341479829,,,
challenging,B2-eligible-nvalid>=5,R0 density/Hellinger,,complete,4.0,194,0.09948866133211119,0.14312462341479829,,,
challenging,B2-eligible-nvalid>=5,R1 B1-circular,,ward,4.0,194,0.08401921225431966,0.1366551316384214,,,
challenging,B2-eligible-nvalid>=5,R1 B1-circular,,average,4.0,194,0.003299179667102068,0.03581673735460373,,,
challenging,B2-eligible-nvalid>=5,R1 B1-circular,,complete,4.0,194,0.012497026572158959,0.07441400848285308,,,
challenging,B2-eligible-nvalid>=5,R2 B2-normalized-sequential,,ward,4.0,194,0.11195269943875999,0.16480670123478602,,,
challenging,B2-eligible-nvalid>=5,R2 B2-normalized-sequential,,average,4.0,194,-0.0007760775550069835,0.047094979781411354,,,
challenging,B2-eligible-nvalid>=5,R2 B2-normalized-sequential,,complete,4.0,194,0.00979982409997691,0.050237038576527344,,,
challenging,B2-eligible-nvalid>=5,R4 empirical-histogram,,ward,4.0,194,0.0935939460187102,0.14977215742603936,,,
challenging,B2-eligible-nvalid>=5,R4 empirical-histogram,,average,4.0,194,0.0935939460187102,0.14977215742603936,,,
challenging,B2-eligible-nvalid>=5,R4 empirical-histogram,,complete,4.0,194,0.09197916007651549,0.15436512005087935,,,
challenging,B2-eligible-nvalid>=5,DIAGNOSTIC log1p(valid_pair_count),,ward,4.0,194,0.546465062690677,0.7056449486331812,,,
challenging,B2-eligible-nvalid>=5,DIAGNOSTIC log1p(valid_pair_count),,average,4.0,194,0.41698104920595847,0.5866373150417965,,,
challenging,B2-eligible-nvalid>=5,DIAGNOSTIC log1p(valid_pair_count),,complete,4.0,194,0.4405875617608562,0.5875863688127207,,,
challenging,B2-eligible-nvalid>=5,R3 hybrid-Euclidean-concat,0.0,ward,4.0,194,0.11195269943875999,0.16480670123478602,,,
challenging,B2-eligible-nvalid>=5,R3 hybrid-Euclidean-concat,0.0,average,4.0,194,-0.0007760775550069835,0.047094979781411354,,,
challenging,B2-eligible-nvalid>=5,R3 hybrid-Euclidean-concat,0.0,complete,4.0,194,0.010349788756842341,0.06758183052129171,,,
challenging,B2-eligible-nvalid>=5,R3 hybrid-Euclidean-concat,0.25,ward,4.0,194,0.09349903231180784,0.14738465540109402,,,
challenging,B2-eligible-nvalid>=5,R3 hybrid-Euclidean-concat,0.25,average,4.0,194,-0.0007760775550069835,0.047094979781411354,,,
challenging,B2-eligible-nvalid>=5,R3 hybrid-Euclidean-concat,0.25,complete,4.0,194,0.010349788756842341,0.06758183052129171,,,
challenging,B2-eligible-nvalid>=5,R3 hybrid-Euclidean-concat,0.5,ward,4.0,194,0.09349903231180784,0.14738465540109402,,,
challenging,B2-eligible-nvalid>=5,R3 hybrid-Euclidean-concat,0.5,average,4.0,194,-0.0007760775550069835,0.047094979781411354,,,
challenging,B2-eligible-nvalid>=5,R3 hybrid-Euclidean-concat,0.5,complete,4.0,194,0.010349788756842341,0.06758183052129171,,,
challenging,B2-eligible-nvalid>=5,R3 hybrid-Euclidean-concat,0.75,ward,4.0,194,0.09349903231180784,0.14738465540109402,,,
challenging,B2-eligible-nvalid>=5,R3 hybrid-Euclidean-concat,0.75,average,4.0,194,0.010349788756842341,0.06758183052129171,,,
challenging,B2-eligible-nvalid>=5,R3 hybrid-Euclidean-concat,0.75,complete,4.0,194,0.010349788756842341,0.06758183052129171,,,
challenging,B2-eligible-nvalid>=5,R3 hybrid-Euclidean-concat,1.0,ward,4.0,194,0.09948866133211119,0.14312462341479829,,,
challenging,B2-eligible-nvalid>=5,R3 hybrid-Euclidean-concat,1.0,average,4.0,194,0.09948866133211119,0.14312462341479829,,,
challenging,B2-eligible-nvalid>=5,R3 hybrid-Euclidean-concat,1.0,complete,4.0,194,0.09948866133211119,0.14312462341479829,,,
