tier,representation,alpha,linkage,k,ARI,NMI,n_proteins,knn5_acc,knn5_null_mean,majority_class_frac
easy,R0 density/Hellinger,,ward,4.0,0.0033,0.0096,1590.0,,,
easy,R0 density/Hellinger,,average,4.0,-0.0002,0.007,1590.0,,,
easy,R0 density/Hellinger,,complete,4.0,0.0028,0.0075,1590.0,,,
easy,R1 B1-stats,,ward,4.0,0.1023,0.1507,1590.0,,,
easy,R1 B1-stats,,average,4.0,0.0,0.0062,1590.0,,,
easy,R1 B1-stats,,complete,4.0,0.0519,0.0678,1590.0,,,
easy,R2 B2-seq,,ward,4.0,0.0434,0.0489,1590.0,,,
easy,R2 B2-seq,,average,4.0,-0.0,0.0024,1590.0,,,
easy,R2 B2-seq,,complete,4.0,0.0012,0.0141,1590.0,,,
easy,R3 hybrid,0.0,ward,4.0,0.0578,0.0636,1590.0,,,
easy,R3 hybrid,0.0,average,4.0,0.0,0.0031,1590.0,,,
easy,R3 hybrid,0.0,complete,4.0,0.0009,0.016,1590.0,,,
easy,R3 hybrid,0.25,ward,4.0,0.0585,0.0701,1590.0,,,
easy,R3 hybrid,0.25,average,4.0,0.0,0.0027,1590.0,,,
easy,R3 hybrid,0.25,complete,4.0,0.0002,0.0087,1590.0,,,
easy,R3 hybrid,0.5,ward,4.0,0.037,0.0526,1590.0,,,
easy,R3 hybrid,0.5,average,4.0,0.0,0.0031,1590.0,,,
easy,R3 hybrid,0.5,complete,4.0,0.001,0.0127,1590.0,,,
easy,R3 hybrid,0.75,ward,4.0,0.0028,0.0093,1590.0,,,
easy,R3 hybrid,0.75,average,4.0,0.0,0.0033,1590.0,,,
easy,R3 hybrid,0.75,complete,4.0,0.0084,0.027,1590.0,,,
easy,R3 hybrid,1.0,ward,4.0,0.0033,0.0096,1590.0,,,
easy,R3 hybrid,1.0,average,4.0,-0.0002,0.007,1590.0,,,
easy,R3 hybrid,1.0,complete,4.0,0.0028,0.0075,1590.0,,,
easy,R4 empirical-hist,,ward,4.0,0.116,0.1437,1590.0,,,
easy,R4 empirical-hist,,average,4.0,0.0001,0.0078,1590.0,,,
easy,R4 empirical-hist,,complete,4.0,0.0256,0.0318,1590.0,,,
easy,R0,,,,,,,0.3197,0.2494,0.2509
easy,R1,,,,,,,0.586,0.2499,0.2509
easy,R2,,,,,,,0.5229,0.2497,0.2509
easy,R3 a=0.5,,,,,,,0.6255,0.2497,0.2509
easy,R4,,,,,,,0.4126,0.2496,0.2509
moderate,R0 density/Hellinger,,ward,4.0,0.059,0.1211,1594.0,,,
moderate,R0 density/Hellinger,,average,4.0,0.0213,0.0481,1594.0,,,
moderate,R0 density/Hellinger,,complete,4.0,0.0563,0.0947,1594.0,,,
moderate,R1 B1-stats,,ward,4.0,0.3305,0.3693,1594.0,,,
moderate,R1 B1-stats,,average,4.0,0.0055,0.0466,1594.0,,,
moderate,R1 B1-stats,,complete,4.0,0.2367,0.2757,1594.0,,,
moderate,R2 B2-seq,,ward,4.0,0.2048,0.3328,1594.0,,,
moderate,R2 B2-seq,,average,4.0,0.0001,0.0086,1594.0,,,
moderate,R2 B2-seq,,complete,4.0,0.0003,0.0116,1594.0,,,
moderate,R3 hybrid,0.0,ward,4.0,0.2805,0.3465,1594.0,,,
moderate,R3 hybrid,0.0,average,4.0,0.0004,0.0152,1594.0,,,
moderate,R3 hybrid,0.0,complete,4.0,0.0002,0.0095,1594.0,,,
moderate,R3 hybrid,0.25,ward,4.0,0.2332,0.316,1594.0,,,
moderate,R3 hybrid,0.25,average,4.0,0.0001,0.0076,1594.0,,,
moderate,R3 hybrid,0.25,complete,4.0,0.0004,0.0154,1594.0,,,
moderate,R3 hybrid,0.5,ward,4.0,0.3165,0.3939,1594.0,,,
moderate,R3 hybrid,0.5,average,4.0,0.0001,0.0086,1594.0,,,
moderate,R3 hybrid,0.5,complete,4.0,0.0236,0.1053,1594.0,,,
moderate,R3 hybrid,0.75,ward,4.0,0.0612,0.1204,1594.0,,,
moderate,R3 hybrid,0.75,average,4.0,0.0001,0.0072,1594.0,,,
moderate,R3 hybrid,0.75,complete,4.0,0.0116,0.074,1594.0,,,
moderate,R3 hybrid,1.0,ward,4.0,0.059,0.1211,1594.0,,,
moderate,R3 hybrid,1.0,average,4.0,0.0213,0.0481,1594.0,,,
moderate,R3 hybrid,1.0,complete,4.0,0.0563,0.0947,1594.0,,,
moderate,R4 empirical-hist,,ward,4.0,0.3206,0.3912,1594.0,,,
moderate,R4 empirical-hist,,average,4.0,0.0001,0.0064,1594.0,,,
moderate,R4 empirical-hist,,complete,4.0,0.0001,0.0071,1594.0,,,
moderate,R0,,,,,,,0.5025,0.2498,0.2509
moderate,R1,,,,,,,0.8903,0.25,0.2509
moderate,R2,,,,,,,0.9194,0.2504,0.2509
moderate,R3 a=0.5,,,,,,,0.9354,0.2502,0.2509
moderate,R4,,,,,,,0.7173,0.2499,0.2509
hard,R0 density/Hellinger,,ward,4.0,0.0761,0.0977,371.0,,,
hard,R0 density/Hellinger,,average,4.0,0.0406,0.0624,371.0,,,
hard,R0 density/Hellinger,,complete,4.0,0.0793,0.1002,371.0,,,
hard,R1 B1-stats,,ward,4.0,0.0693,0.0867,371.0,,,
hard,R1 B1-stats,,average,4.0,-0.0016,0.0423,371.0,,,
hard,R1 B1-stats,,complete,4.0,0.0079,0.0555,371.0,,,
hard,R2 B2-seq,,ward,4.0,0.0278,0.0528,371.0,,,
hard,R2 B2-seq,,average,4.0,-0.0012,0.0314,371.0,,,
hard,R2 B2-seq,,complete,4.0,-0.0013,0.0359,371.0,,,
hard,R3 hybrid,0.0,ward,4.0,0.0663,0.092,371.0,,,
hard,R3 hybrid,0.0,average,4.0,-0.0011,0.0336,371.0,,,
hard,R3 hybrid,0.0,complete,4.0,0.0049,0.0391,371.0,,,
hard,R3 hybrid,0.25,ward,4.0,0.0863,0.1004,371.0,,,
hard,R3 hybrid,0.25,average,4.0,-0.0012,0.0267,371.0,,,
hard,R3 hybrid,0.25,complete,4.0,0.0029,0.035,371.0,,,
hard,R3 hybrid,0.5,ward,4.0,0.089,0.1025,371.0,,,
hard,R3 hybrid,0.5,average,4.0,-0.0011,0.029,371.0,,,
hard,R3 hybrid,0.5,complete,4.0,0.0573,0.0718,371.0,,,
hard,R3 hybrid,0.75,ward,4.0,0.0761,0.0977,371.0,,,
hard,R3 hybrid,0.75,average,4.0,-0.0011,0.0431,371.0,,,
hard,R3 hybrid,0.75,complete,4.0,0.076,0.0994,371.0,,,
hard,R3 hybrid,1.0,ward,4.0,0.0761,0.0977,371.0,,,
hard,R3 hybrid,1.0,average,4.0,0.0406,0.0624,371.0,,,
hard,R3 hybrid,1.0,complete,4.0,0.0793,0.1002,371.0,,,
hard,R4 empirical-hist,,ward,4.0,0.0742,0.0911,371.0,,,
hard,R4 empirical-hist,,average,4.0,-0.0013,0.0383,371.0,,,
hard,R4 empirical-hist,,complete,4.0,0.0392,0.0579,371.0,,,
hard,R0,,,,,,,0.4739,0.2496,0.2695
hard,R1,,,,,,,0.7396,0.2501,0.2695
hard,R2,,,,,,,0.8216,0.2512,0.2695
hard,R3 a=0.5,,,,,,,0.8022,0.2514,0.2695
hard,R4,,,,,,,0.6442,0.2513,0.2695
challenging,R0 density/Hellinger,,ward,4.0,0.0995,0.1431,194.0,,,
challenging,R0 density/Hellinger,,average,4.0,0.0995,0.1431,194.0,,,
challenging,R0 density/Hellinger,,complete,4.0,0.0995,0.1431,194.0,,,
challenging,R1 B1-stats,,ward,4.0,0.0964,0.1608,194.0,,,
challenging,R1 B1-stats,,average,4.0,0.0143,0.0589,194.0,,,
challenging,R1 B1-stats,,complete,4.0,-0.0053,0.0539,194.0,,,
challenging,R2 B2-seq,,ward,4.0,0.5155,0.5124,194.0,,,
challenging,R2 B2-seq,,average,4.0,0.0101,0.0544,194.0,,,
challenging,R2 B2-seq,,complete,4.0,0.0101,0.0544,194.0,,,
challenging,R3 hybrid,0.0,ward,4.0,0.0934,0.1523,194.0,,,
challenging,R3 hybrid,0.0,average,4.0,0.017,0.0574,194.0,,,
challenging,R3 hybrid,0.0,complete,4.0,0.072,0.1338,194.0,,,
challenging,R3 hybrid,0.25,ward,4.0,0.0897,0.1498,194.0,,,
challenging,R3 hybrid,0.25,average,4.0,0.017,0.0574,194.0,,,
challenging,R3 hybrid,0.25,complete,4.0,0.0989,0.1498,194.0,,,
challenging,R3 hybrid,0.5,ward,4.0,0.0929,0.1415,194.0,,,
challenging,R3 hybrid,0.5,average,4.0,0.0099,0.0598,194.0,,,
challenging,R3 hybrid,0.5,complete,4.0,0.0985,0.153,194.0,,,
challenging,R3 hybrid,0.75,ward,4.0,0.0936,0.1498,194.0,,,
challenging,R3 hybrid,0.75,average,4.0,0.0993,0.1513,194.0,,,
challenging,R3 hybrid,0.75,complete,4.0,0.0993,0.1513,194.0,,,
challenging,R3 hybrid,1.0,ward,4.0,0.0995,0.1431,194.0,,,
challenging,R3 hybrid,1.0,average,4.0,0.0995,0.1431,194.0,,,
challenging,R3 hybrid,1.0,complete,4.0,0.0995,0.1431,194.0,,,
challenging,R4 empirical-hist,,ward,4.0,0.0936,0.1498,194.0,,,
challenging,R4 empirical-hist,,average,4.0,0.0936,0.1498,194.0,,,
challenging,R4 empirical-hist,,complete,4.0,0.092,0.1544,194.0,,,
challenging,R0,,,,,,,0.4959,0.353,0.5052
challenging,R1,,,,,,,0.8113,0.3511,0.5052
challenging,R2,,,,,,,0.9072,0.3528,0.5052
challenging,R3 a=0.5,,,,,,,0.8402,0.3523,0.5052
challenging,R4,,,,,,,0.732,0.3509,0.5052
