tier,representation,alpha,linkage,k,ARI,NMI,n_proteins
easy,R0 density/Hellinger,,ward,4,0.0033,0.0096,1590
easy,R0 density/Hellinger,,average,4,-0.0002,0.007,1590
easy,R0 density/Hellinger,,complete,4,0.0028,0.0075,1590
easy,R1 B1-stats,,ward,4,0.1023,0.1507,1590
easy,R1 B1-stats,,average,4,0.0,0.0062,1590
easy,R1 B1-stats,,complete,4,0.0519,0.0678,1590
easy,R2 B2-seq,,ward,4,0.0116,0.0222,1590
easy,R2 B2-seq,,average,4,0.0,0.0088,1590
easy,R2 B2-seq,,complete,4,0.0,0.0144,1590
easy,R3 hybrid,0.0,ward,4,0.0957,0.1589,1590
easy,R3 hybrid,0.0,average,4,0.0,0.0088,1590
easy,R3 hybrid,0.0,complete,4,0.0037,0.0502,1590
easy,R3 hybrid,0.25,ward,4,0.0884,0.1668,1590
easy,R3 hybrid,0.25,average,4,0.0003,0.0189,1590
easy,R3 hybrid,0.25,complete,4,0.0104,0.0195,1590
easy,R3 hybrid,0.5,ward,4,0.0487,0.0665,1590
easy,R3 hybrid,0.5,average,4,0.005,0.0156,1590
easy,R3 hybrid,0.5,complete,4,0.0059,0.0199,1590
easy,R3 hybrid,0.75,ward,4,0.003,0.0106,1590
easy,R3 hybrid,0.75,average,4,0.0037,0.0107,1590
easy,R3 hybrid,0.75,complete,4,0.0045,0.0095,1590
easy,R3 hybrid,1.0,ward,4,0.0033,0.0096,1590
easy,R3 hybrid,1.0,average,4,-0.0002,0.007,1590
easy,R3 hybrid,1.0,complete,4,0.0028,0.0075,1590
easy,R4 empirical-hist,,ward,4,0.116,0.1437,1590
easy,R4 empirical-hist,,average,4,0.0001,0.0078,1590
easy,R4 empirical-hist,,complete,4,0.0256,0.0318,1590
moderate,R0 density/Hellinger,,ward,4,0.059,0.1211,1594
moderate,R0 density/Hellinger,,average,4,0.0213,0.0481,1594
moderate,R0 density/Hellinger,,complete,4,0.0563,0.0947,1594
moderate,R1 B1-stats,,ward,4,0.3305,0.3693,1594
moderate,R1 B1-stats,,average,4,0.0055,0.0466,1594
moderate,R1 B1-stats,,complete,4,0.2367,0.2757,1594
moderate,R2 B2-seq,,ward,4,0.149,0.2265,1594
moderate,R2 B2-seq,,average,4,0.0027,0.0549,1594
moderate,R2 B2-seq,,complete,4,0.0139,0.0745,1594
moderate,R3 hybrid,0.0,ward,4,0.2436,0.3901,1594
moderate,R3 hybrid,0.0,average,4,0.0001,0.0109,1594
moderate,R3 hybrid,0.0,complete,4,0.0021,0.0299,1594
moderate,R3 hybrid,0.25,ward,4,0.2235,0.3047,1594
moderate,R3 hybrid,0.25,average,4,0.0496,0.0622,1594
moderate,R3 hybrid,0.25,complete,4,0.051,0.0644,1594
moderate,R3 hybrid,0.5,ward,4,0.3119,0.3856,1594
moderate,R3 hybrid,0.5,average,4,0.0498,0.0635,1594
moderate,R3 hybrid,0.5,complete,4,0.1771,0.2781,1594
moderate,R3 hybrid,0.75,ward,4,0.3101,0.3784,1594
moderate,R3 hybrid,0.75,average,4,0.0517,0.0649,1594
moderate,R3 hybrid,0.75,complete,4,0.0527,0.0798,1594
moderate,R3 hybrid,1.0,ward,4,0.059,0.1211,1594
moderate,R3 hybrid,1.0,average,4,0.0213,0.0481,1594
moderate,R3 hybrid,1.0,complete,4,0.0563,0.0947,1594
moderate,R4 empirical-hist,,ward,4,0.3206,0.3912,1594
moderate,R4 empirical-hist,,average,4,0.0001,0.0064,1594
moderate,R4 empirical-hist,,complete,4,0.0001,0.0071,1594
hard,R0 density/Hellinger,,ward,4,0.0761,0.0977,371
hard,R0 density/Hellinger,,average,4,0.0406,0.0624,371
hard,R0 density/Hellinger,,complete,4,0.0793,0.1002,371
hard,R1 B1-stats,,ward,4,0.0693,0.0867,371
hard,R1 B1-stats,,average,4,-0.0016,0.0423,371
hard,R1 B1-stats,,complete,4,0.0079,0.0555,371
hard,R2 B2-seq,,ward,4,0.1029,0.1482,371
hard,R2 B2-seq,,average,4,0.0032,0.0295,371
hard,R2 B2-seq,,complete,4,0.0002,0.0773,371
hard,R3 hybrid,0.0,ward,4,0.0693,0.0867,371
hard,R3 hybrid,0.0,average,4,0.0644,0.0802,371
hard,R3 hybrid,0.0,complete,4,0.0783,0.1119,371
hard,R3 hybrid,0.25,ward,4,0.0733,0.0973,371
hard,R3 hybrid,0.25,average,4,0.0604,0.0862,371
hard,R3 hybrid,0.25,complete,4,0.0512,0.0729,371
hard,R3 hybrid,0.5,ward,4,0.076,0.0994,371
hard,R3 hybrid,0.5,average,4,0.0624,0.0881,371
hard,R3 hybrid,0.5,complete,4,0.0674,0.0894,371
hard,R3 hybrid,0.75,ward,4,0.0761,0.0977,371
hard,R3 hybrid,0.75,average,4,0.0608,0.0789,371
hard,R3 hybrid,0.75,complete,4,0.0761,0.0977,371
hard,R3 hybrid,1.0,ward,4,0.0761,0.0977,371
hard,R3 hybrid,1.0,average,4,0.0406,0.0624,371
hard,R3 hybrid,1.0,complete,4,0.0793,0.1002,371
hard,R4 empirical-hist,,ward,4,0.0742,0.0911,371
hard,R4 empirical-hist,,average,4,-0.0013,0.0383,371
hard,R4 empirical-hist,,complete,4,0.0392,0.0579,371
challenging,R0 density/Hellinger,,ward,4,0.0995,0.1431,194
challenging,R0 density/Hellinger,,average,4,0.0995,0.1431,194
challenging,R0 density/Hellinger,,complete,4,0.0995,0.1431,194
challenging,R1 B1-stats,,ward,4,0.0964,0.1608,194
challenging,R1 B1-stats,,average,4,0.0143,0.0589,194
challenging,R1 B1-stats,,complete,4,-0.0053,0.0539,194
challenging,R2 B2-seq,,ward,4,0.4169,0.4904,194
challenging,R2 B2-seq,,average,4,0.0647,0.1251,194
challenging,R2 B2-seq,,complete,4,0.0927,0.2329,194
challenging,R3 hybrid,0.0,ward,4,0.0966,0.1569,194
challenging,R3 hybrid,0.0,average,4,0.0143,0.0589,194
challenging,R3 hybrid,0.0,complete,4,0.0827,0.1251,194
challenging,R3 hybrid,0.25,ward,4,0.0965,0.148,194
challenging,R3 hybrid,0.25,average,4,0.0948,0.146,194
challenging,R3 hybrid,0.25,complete,4,0.0927,0.1304,194
challenging,R3 hybrid,0.5,ward,4,0.0936,0.1498,194
challenging,R3 hybrid,0.5,average,4,0.0936,0.1498,194
challenging,R3 hybrid,0.5,complete,4,0.0936,0.1498,194
challenging,R3 hybrid,0.75,ward,4,0.0993,0.1513,194
challenging,R3 hybrid,0.75,average,4,0.0993,0.1513,194
challenging,R3 hybrid,0.75,complete,4,0.0936,0.1498,194
challenging,R3 hybrid,1.0,ward,4,0.0995,0.1431,194
challenging,R3 hybrid,1.0,average,4,0.0995,0.1431,194
challenging,R3 hybrid,1.0,complete,4,0.0995,0.1431,194
challenging,R4 empirical-hist,,ward,4,0.0936,0.1498,194
challenging,R4 empirical-hist,,average,4,0.0936,0.1498,194
challenging,R4 empirical-hist,,complete,4,0.092,0.1544,194
